{
    "name": "Solidmaker Base Printer",
    "version": 2,
    "inherits": "fdmprinter",
    "metadata": {
        "visible": false,
        "author": "Daniel Olsson",
        "manufacturer": "Solidmaker",
        "file_formats": "text/x-gcode",
        "first_start_actions": ["MachineSettingsAction"],

        "machine_extruder_trains": {
            "0": "solidmaker_base_extruder_0"
        },

        "has_materials": true,
        "has_variants": true,
        "has_machine_quality": true,
        "variants_name": "Laser Focus",

        "preferred_variant_name": "0.067mm spotsize",
        "preferred_quality_type": "sld_xfine",
        "preferred_material": "resin"
    },
    "overrides": {
        "machine_name": { "default_value": "Solidmaker Base Printer" },
        "machine_start_gcode": { "default_value": "" },
        "machine_end_gcode": { "default_value": "M715\n;SLDMKRIMGHERE\n" },

        "machine_max_feedrate_x": { "value": 1200 },
        "machine_max_feedrate_y": { "value": 1200 },
        "machine_max_feedrate_z": { "value": 60 },
        "machine_max_feedrate_e": { "value": 9999 },

        "machine_max_acceleration_x": { "value": 1280 },
        "machine_max_acceleration_y": { "value": 1280 },
        "machine_max_acceleration_z": { "value": 120 },
        "machine_max_acceleration_e": { "value": 9999 },
        "machine_acceleration": { "value": 1280 },

        "machine_max_jerk_xy": { "value": 5 },
        "machine_max_jerk_z": { "value": 0.4 },
        "machine_max_jerk_e": { "value": 5 },

        "machine_heated_bed": { "default_value": false },

        "material_diameter": { "default_value": 1.75 },

        "acceleration_print": { "value": "machine_acceleration" },
        "acceleration_travel": { "value": "machine_acceleration" },
        "acceleration_travel_layer_0": { "value": "acceleration_travel" },
        "acceleration_roofing": { "enabled": "acceleration_enabled and roofing_layer_count > 0 and top_layers > 0" },

        "jerk_print": { "value": 20 },
        "jerk_travel": { "value": "jerk_print" },
        "jerk_travel_layer_0": { "value": "jerk_travel" },

        "acceleration_enabled": { "value": false },
        "jerk_enabled": { "value": false },

        "speed_print": { "value": 60.0 } ,
        "speed_infill": { "value": "speed_print" },
        "speed_wall": { "value": "speed_print / 1.33" },
        "speed_wall_0": { "value": "speed_wall" },
        "speed_wall_x": { "value": "speed_wall" },
        "speed_topbottom": { "value": "speed_print / 1.5" },
        "speed_roofing": { "value": "speed_topbottom" },
        "speed_travel": { "value": "60.0 if speed_print < 50 else 120.0 if speed_print > 80 else speed_print * 1.25" },
        "speed_layer_0": { "value": 30.0 },
        "speed_print_layer_0": { "value": "speed_layer_0" },
        "speed_travel_layer_0": { "value": "45 if speed_layer_0 < 20 else 60 if speed_layer_0 > 30 else speed_layer_0 * 1.5" },
        "speed_prime_tower": { "value": "speed_topbottom" },
        "speed_support": { "value": "speed_wall_0" },
        "speed_support_interface": { "value": "speed_topbottom" },
        "speed_z_hop": { "value": 5 },

        "skirt_brim_speed": { "value": "speed_layer_0" },

        "line_width": { "value": "machine_nozzle_size" },

        "optimize_wall_printing_order": { "value": "True" },

        "material_initial_print_temperature": { "value": "material_print_temperature" },
        "material_final_print_temperature": { "value": "material_print_temperature" },
        "material_flow": { "value": 100 },
        "travel_compensate_overlapping_walls_0_enabled": { "value": "False" },

        "z_seam_type": { "value": "'back'" },
        "z_seam_corner": { "value": "'z_seam_corner_weighted'" },
        
        "infill_sparse_density": { "value": "20" },
        "infill_pattern": { "value": "'lines' if infill_sparse_density > 50 else 'cubic'" },
        "infill_before_walls": { "value": false },
        "infill_overlap": { "value": 30.0 },
        "skin_overlap": { "value": 10.0 },
        "infill_wipe_dist": { "value": 0.0 },
        "wall_0_wipe_dist": { "value": 0.0 },

        "fill_perimeter_gaps": { "value": "'everywhere'" },
        "fill_outline_gaps": { "value": false },
        "filter_out_tiny_gaps": { "value": false },

        "retraction_speed": {
            "maximum_value_warning": "machine_max_feedrate_e",
            "maximum_value": 200
        },
        "retraction_retract_speed": {
            "maximum_value_warning": "machine_max_feedrate_e",
            "maximum_value": 200
        },
        "retraction_prime_speed": {
            "maximum_value_warning": "machine_max_feedrate_e",
            "maximum_value": 200
        },
        
        "retraction_hop_enabled": { "value": "False" },
        "retraction_hop": { "value": 0.2 },
        "retraction_combing": { "value": "'off' if retraction_hop_enabled else 'noskin'" },
        "retraction_combing_max_distance": { "value": 30 },
        "travel_avoid_other_parts": { "value": true },
        "travel_avoid_supports": { "value": true },
        "travel_retract_before_outer_wall": { "value": true },
        
        "retraction_enable": { "value": true },
        "retraction_count_max": { "value": 100 },
        "retraction_extrusion_window": { "value": 10 },
        "retraction_min_travel": { "value": 1.5 },

        "cool_fan_full_at_height": { "value": "layer_height_0 + 2 * layer_height" },
        "cool_fan_enabled": { "value": true },
        "cool_min_layer_time": { "value": 10 },

        "adhesion_type": { "value": "'skirt'" },
        "brim_replaces_support": { "value": false },
        "skirt_gap": { "value": 10.0 },
        "skirt_line_count": { "value": 3 },

        "adaptive_layer_height_variation": { "value": 0.04 },
        "adaptive_layer_height_variation_step": { "value": 0.04 },

        "meshfix_maximum_resolution": { "value": "0.25" },
        "meshfix_maximum_travel_resolution": { "value": "meshfix_maximum_resolution" },

        "support_angle": { "value": "math.floor(math.degrees(math.atan(line_width/2.0/layer_height)))" },
        "support_pattern": { "value": "'zigzag'" },
        "support_infill_rate": { "value": "0 if support_enable and support_structure == 'tree' else 20" },
        "support_use_towers": { "value": false },
        "support_xy_distance": { "value": "wall_line_width_0 * 2" },
        "support_xy_distance_overhang": { "value": "wall_line_width_0" },
        "support_z_distance": { "value": "layer_height if layer_height >= 0.16 else layer_height*2" },
        "support_xy_overrides_z": { "value": "'xy_overrides_z'" },
        "support_wall_count": { "value": 1 },
        "support_brim_enable": { "value": true },
        "support_brim_width": { "value": 4 },

        "support_interface_enable": { "value": true },
        "support_interface_height": { "value": "layer_height * 4" },
        "support_interface_density": { "value": 33.333 },
        "support_interface_pattern": { "value": "'grid'" },
        "support_interface_skip_height": { "value": 0.2 },
        "minimum_support_area": { "value": 2 },
        "minimum_interface_area": { "value": 10 },
        "top_bottom_thickness": {"value":  "layer_height_0 + layer_height * 3" },
        "wall_thickness": {"value": "line_width * 2" }
    }
}