{
    "name": "Solidmaker Pro",
    "version": 2,
    "inherits": "solidmaker",
    "metadata": {
        "quality_definition": "solidmaker_pro",
        "visible": true,
        "author": "Daniel Olsson",
        "platform": "tronxy.stl"
    },
    "overrides": {
        "machine_name": { "default_value": "solidmaker_pro" },
        "machine_width": { "default_value": 115 },
        "machine_depth": { "default_value": 115 },
        "machine_height": { "default_value": 150 },
        "machine_head_with_fans_polygon": { "default_value": [
                [-10, 10],
                [-10, -10],
                [10, -10],
                [10, 10]
            ]
        },
        "gantry_height": { "value": 99999 },

        "machine_start_gcode": { "default_value": ""},
        "machine_end_gcode": { "default_value": "G28M715\n;SLDMKRIMGHERE\n" }
    }
}
